first_name,last_name,birth_date,gender,phone,email,city,state,country,address,postal_code,occupation,company,website,bio,language,nationality,relationship_status,blood_type,education_level,subscription_tier,is_active,joined_date,notes
Mark,Walker,1946-09-24,male,001-218-519-6001x3389,lrobinson@example.com,Port Lindachester,Michigan,Fiji,51161 Abbott Rapids,35172,Armed forces logistics/support/administrative officer,"Stevens, Martinez and Nielsen",http://montgomery.com/,Product significant world talk term herself law.,Ganda,Central African Republic,single,AB+,primary school,basic,true,2022-07-12,Great prove reduce raise author play move each.
Joel,Watts,1962-02-28,male,550.730.5641,dianafoster@example.net,Thomasberg,Kansas,Samoa,969 Cox Dam Suite 101,20534,"Designer, jewellery","Henderson, Brown and James",https://valencia.net/,Shoulder future fall citizen about reveal rest will seven medical blood.,Tagalog,French Southern Territories,in a relationship,O+,no formal education,free,true,2025-10-12,
Ryan,Brooks,1977-02-19,male,(788)609-5701,brianhumphrey@example.org,Lake Toddland,Wisconsin,Martinique,78248 Brandt Plains,99495,"Engineer, control and instrumentation","Collins, Carney and Santos",https://wright.com/,Open discover detail audience piece director town.,Korean,Barbados,in a relationship,B-,master's degree,enterprise,true,2022-02-23,
Willie,Ryan,1962-09-12,non-binary,001-899-973-7631x1656,nuneztracey@example.org,South Jessicaville,Kansas,Congo,726 Joshua Gateway,10381,Probation officer,"Garcia, Pearson and Fernandez",http://www.martin.info/,Ten total clearly able hospital unit size expect recent room.,Slovak,Panama,single,B+,master's degree,enterprise,false,2023-07-31,
Michelle,Novak,1954-11-27,female,001-480-250-0978,yorkcasey@example.org,South David,Oregon,Egypt,169 Donovan Ford,88283,Interior and spatial designer,Baker and Sons,https://hickman-walls.com/,Perform none beyond Mrs media car give attention each expect just myself few worker.,Tahitian,Marshall Islands,divorced,A-,no formal education,enterprise,true,2022-08-21,
Alan,Alvarado,1996-08-18,non-binary,(541)718-2449,gracefarrell@example.net,Kington,Colorado,North Macedonia,0052 Martin Mills Suite 801,10363,Database administrator,"Johnson, Wood and Tran",https://www.parker.com/,Radio project government nice themselves wind see understand door class.,Fijian,Turkmenistan,in a relationship,AB+,doctorate,free,false,2022-08-25,Agent say forward us soon ten specific environment.
Kristin,Garrison,1951-12-19,prefer not to say,837.754.3303,michelle45@example.net,Frazierside,Michigan,Wallis and Futuna,42940 Candace Key,95992,Interior and spatial designer,Obrien-Dixon,https://www.williams-graham.net/,Rather vote say culture issue we TV perhaps professional by tonight medical project for recent.,Sinhala,Brunei Darussalam,single,AB+,doctorate,pro,true,2025-07-07,Inside wait quality total past feeling.
Joshua,Jordan,1945-03-07,male,001-495-377-7387,zachary95@example.org,Lake Lance,Illinois,Cameroon,37917 Mercado Ports,25986,Music tutor,Ross-Hernandez,http://www.robinson-brock.net/,Anyone eat summer lead soon property write other wear through partner rest measure store.,Sango,Kiribati,married,AB+,no formal education,basic,true,2022-08-03,
Phyllis,Green,1992-01-02,prefer not to say,548.673.4714,luis81@example.org,East Patrick,Georgia,Romania,66587 Brown Village,55570,Neurosurgeon,"Shah, Smith and Gilmore",https://bender.biz/,Mrs same son today major event magazine home protect something right subject try.,Turkmen,Martinique,divorced,B+,secondary school,pro,true,2023-07-12,Trade option production base investment.
Sean,Murphy,1956-08-08,male,755.564.6417x080,harringtondenise@example.org,East Mary,South Carolina,Cape Verde,71937 Wang Expressway,79916,Training and development officer,"Higgins, Strickland and Martin",https://www.johnson.biz/,Walk cup option store drug recent feeling range south someone not American mouth.,Ukrainian,Heard Island and McDonald Islands,in a relationship,B+,bachelor's degree,basic,true,2022-06-15,
Casey,Fisher,1985-12-12,non-binary,916.857.2628x4987,marcus31@example.com,Sanchezmouth,Oregon,New Zealand,0752 Lewis Union Suite 549,92406,Health and safety adviser,"Smith, Vaughan and Miller",https://chang.info/,Society behavior develop reality fill ok list most international second former reflect even edge.,Welsh,Saint Helena,in a relationship,B-,master's degree,pro,true,2021-03-20,
Corey,Gill,1952-09-07,male,(333)574-9894,jeremy24@example.org,West Brandon,Arkansas,Micronesia,271 Audrey Mountains Suite 752,07235,Forensic psychologist,Wilson-Jones,https://www.soto.org/,Be easy newspaper indicate other peace simply herself training father open.,Burmese,Gambia,divorced,O+,secondary school,free,true,2023-11-01,Perform participant science way debate decision produce church community avoid.
Aaron,Carter,1973-07-15,non-binary,844.371.3493,deborahkerr@example.org,North Gabrielport,Rhode Island,San Marino,1746 Mason Park Suite 190,57127,IT trainer,"Wright, Davis and Hayden",http://williams.info/,Consider one play man before girl four prove tax form really.,Inuktitut,Panama,married,O-,vocational training,enterprise,true,2024-02-14,
Theresa,Gibson,1996-05-29,female,945-916-8087x60385,harrisandrea@example.com,Gilmorefort,Delaware,Antarctica (the territory South of 60 deg S),248 Andrea Course,29952,Clothing/textile technologist,Valentine-Holland,http://carter.info/,During necessary himself two meet these tell everybody so increase various meet star executive.,Georgian,Taiwan,in a relationship,AB+,master's degree,enterprise,false,2023-11-27,
Laurie,Hernandez,2008-01-31,female,+1-575-558-8675,xhall@example.com,West Juliefurt,Missouri,Panama,0289 Kane Well,58212,Chiropodist,"Lozano, Smith and Thomas",http://www.harrington-baker.org/,Power system system teacher here first responsibility service their along attention piece TV.,Hiri Motu,San Marino,in a relationship,O-,no formal education,free,true,2023-08-08,
Ann,Padilla,2006-10-15,female,772-740-0504,hthomas@example.com,East Gregory,South Carolina,Trinidad and Tobago,379 Jesse Route Suite 740,61482,Holiday representative,"Payne, Jones and Landry",https://wright.biz/,Blood high grow fast recognize against stop how account ten sing wind treat seat.,Inuktitut,Singapore,widowed,A-,vocational training,enterprise,false,2024-12-15,Parent good PM per question return process.
Ryan,Lucas,1984-09-24,male,770-695-2145x6232,jonathansummers@example.com,Juliemouth,Delaware,Lao People's Democratic Republic,36851 Smith Plain,16700,"Programme researcher, broadcasting/film/video",Chambers-Chambers,https://leonard.com/,This no trip determine as statement travel few impact cause watch fight manage best thought career.,Norwegian,Heard Island and McDonald Islands,single,AB+,doctorate,pro,true,2025-09-02,
Meagan,Barnes,1991-12-21,female,001-526-717-9640x5377,pollardmichael@example.net,Bruceview,Illinois,British Virgin Islands,39005 Vanessa Turnpike Apt. 183,77359,"Engineer, technical sales",Murphy and Sons,http://huerta.com/,Body term capital group small open administration enter camera.,Malay,Malta,widowed,A+,master's degree,pro,true,2025-11-19,Second live sing message board.
Jonathan,Logan,2004-09-18,male,+1-784-470-0766x17711,martinezclaudia@example.net,Oscarhaven,Maine,Korea,18367 Robert Views Suite 661,41467,Physiotherapist,Ortega-Brooks,http://davis.com/,Benefit school speech news only no form business government program seek test return.,Inuktitut,Netherlands Antilles,divorced,B-,primary school,pro,true,2021-05-15,Goal official defense prevent difference board suddenly.
Jacob,Aguirre,1993-03-13,male,+1-699-680-9402,michael22@example.net,Jonestown,Colorado,San Marino,6752 Collins Islands,74896,"Therapist, occupational",Ware and Sons,http://www.miller.org/,Increase democratic mention generation book question or money final determine worker area daughter.,Manx,Seychelles,in a relationship,AB-,vocational training,free,true,2024-01-09,Share face build market issue can.
Amanda,Barnett,1959-08-26,non-binary,(816)806-0715x969,darius05@example.org,Collierstad,Colorado,Jordan,69681 Harrell Summit,45001,Environmental consultant,Maxwell-Jones,http://www.bell-mullen.com/,Bill eight community check service away week physical less nor.,Serbian,Kiribati,married,A+,primary school,free,true,2023-12-12,Poor worry follow wife firm key light place someone option.
Harold,Johnson,1949-10-30,male,(941)519-9867x980,cassidy82@example.org,Garciamouth,Virginia,Belize,37788 Michael Haven,51280,Osteopath,Shelton-Williams,https://www.davis-gregory.com/,Rich prevent trade their four old center glass whose recognize hot.,Swedish,Russian Federation,in a relationship,B+,primary school,enterprise,true,2023-06-18,
Sharon,Conner,1964-08-28,prefer not to say,(481)568-5054,stacey73@example.org,East Chris,Connecticut,Madagascar,592 Moore Falls,91313,Diagnostic radiographer,"Kim, Jenkins and Rhodes",http://mitchell.net/,Finally speak light strong happy water worker left example high.,Kinyarwanda,Italy,married,B-,master's degree,pro,false,2023-01-14,Stage soon catch economic political them.
Angela,Rosales,1951-08-14,non-binary,812-247-8261x3750,pshaw@example.com,West Jeffreymouth,Connecticut,Taiwan,20472 West Avenue Apt. 043,20098,Sports therapist,"Lynch, Henderson and Parsons",http://williams.org/,Artist student matter movie place offer responsibility fact ability good number cost property model.,Luxembourgish,Bangladesh,widowed,O-,no formal education,basic,true,2025-05-20,
Troy,Romero,1979-06-07,male,3677065405,jessicafuller@example.net,Dennisstad,Ohio,Guadeloupe,772 Bryan Trail,60489,Animator,Harris-Moody,http://robertson-hays.net/,Education send course ground sit tend forward buy happy threat sea thus hit wind.,Polish,Puerto Rico,in a relationship,B-,bachelor's degree,basic,true,2025-01-31,
Jonathan,Owen,2003-05-21,male,001-661-969-2845x1154,cjackson@example.com,Williamsstad,South Carolina,Jordan,016 Palmer Summit Apt. 029,89379,Primary school teacher,Martinez and Sons,https://herring-johnson.com/,We head several off morning huge power economic box save material hit no energy.,Interlingue,Romania,married,A-,no formal education,pro,true,2023-10-01,Democrat partner really your customer career available common require.
Wendy,Downs,1996-03-19,non-binary,+1-451-588-4422x58313,jjohnson@example.net,Tannerside,Florida,New Zealand,46786 Morrow Cliffs,16927,Investment analyst,"Jones, Owens and Holmes",http://www.reynolds.com/,Check clearly follow remember generation wait thus suffer economy play nearly by field move maybe.,Fulah,Nauru,widowed,B-,bachelor's degree,basic,false,2025-12-28,
Shelly,Le,1954-11-14,prefer not to say,+1-259-900-1094x396,dawn47@example.org,Evansland,Vermont,Bahamas,6773 Lawson Island,94658,"Investment banker, operational","Travis, Reed and Ross",https://www.allen-martinez.info/,Cell anything war ten industry while total spend value return.,Western Frisian,Serbia,widowed,B-,no formal education,free,false,2024-06-12,
Erik,Koch,2007-11-25,prefer not to say,901.968.7339x5004,amanda16@example.org,Jessicafurt,Mississippi,Aruba,98358 Jones Parkways Suite 849,89682,Tree surgeon,Anderson Inc,https://grant-diaz.com/,Own husband American although require sound mind chance throw cause.,Tajik,Ghana,widowed,A+,master's degree,free,true,2023-06-27,
Francisco,Evans,2007-07-25,non-binary,688-287-9470x55169,pbaker@example.net,Lake Brett,New Mexico,Chile,30913 Scott Manor Apt. 636,66275,Veterinary surgeon,Salas-Fitzgerald,http://www.clark.net/,Finish community treatment garden great sign return poor really particular court east.,Slovak,French Southern Territories,single,B-,primary school,basic,false,2024-11-06,
Courtney,Roberts,2006-06-12,female,875.875.8441,stephanie24@example.org,Stephanieland,Minnesota,Uzbekistan,473 Maria Groves Suite 219,97611,Theatre director,Sanchez Ltd,http://www.garcia.info/,Race case who within citizen present thing little.,Twi,Cook Islands,divorced,O-,primary school,free,false,2022-08-22,Fly position traditional become off movement rich.
Timothy,Khan,2002-09-08,male,(306)772-4004,shawn88@example.com,Port William,Louisiana,Congo,2742 Jill Turnpike,39170,Tax inspector,"Todd, Thompson and Chase",https://murphy.com/,Food easy end dog send west few reveal activity president realize artist brother fill.,Macedonian,Poland,single,A+,no formal education,basic,true,2022-01-10,
Wayne,Collins,2001-07-18,prefer not to say,945-793-3272,emiles@example.net,Port John,Wisconsin,Nepal,785 Samantha Creek,08595,Sports development officer,"Harris, Herrera and Martin",https://www.harris.net/,Speak law message lead around left southern rich how staff second official and general.,Bislama,Mauritius,married,O+,no formal education,basic,false,2024-09-02,
Virginia,Peck,2004-01-12,prefer not to say,8468226567,vegadorothy@example.net,Lake Michelle,Delaware,Christmas Island,230 Tiffany Mountain Suite 863,32942,Psychiatrist,Moore-Lopez,http://www.barnes.com/,Deal beyond almost our reflect any scientist I doctor describe.,Bulgarian,Burundi,divorced,O-,secondary school,enterprise,false,2021-07-01,
William,Dennis,1963-05-18,non-binary,499-853-4283x64408,wwilliams@example.net,Floydmouth,Vermont,Israel,46287 Melissa Hills Apt. 708,54591,Pension scheme manager,"Moreno, Price and Scott",https://www.boone-davis.com/,Environmental purpose owner them could seven right.,Slovenian,Cuba,married,A+,bachelor's degree,free,false,2025-03-26,
Timothy,Krueger,1999-12-06,prefer not to say,5337173936,oscar85@example.com,Michaelfort,New Jersey,Bolivia,3556 Anna Forges Apt. 048,77051,TEFL teacher,"Butler, Hernandez and Rivera",https://www.pierce-harding.com/,Shake major rich science leave run goal cause national contain threat.,Tsonga,Bahamas,in a relationship,B+,no formal education,free,true,2022-10-26,
Joseph,Meyers,1998-01-05,male,9067231203,williamsonelizabeth@example.net,Hopkinstown,Alabama,Martinique,08484 Wayne Square Suite 211,69233,Database administrator,Lee PLC,https://norton-miller.biz/,North wrong difficult range summer president teach service behavior here need argue act commercial.,Polish,Tanzania,married,O+,no formal education,basic,true,2021-07-10,Population former with wind thus try discover top realize.
Ashley,Cohen,1962-03-26,prefer not to say,689-402-5039x261,ashleyatkinson@example.net,Patrickberg,Vermont,Saint Kitts and Nevis,501 Hall Club,45143,Trade union research officer,"Friedman, Sanders and Ayala",http://henry-kelly.biz/,Control one herself sign far east available environmental here six child hope guess.,Chechen,Albania,in a relationship,AB-,secondary school,basic,false,2025-10-10,
Sherry,Garcia,1973-03-04,prefer not to say,226-378-8861,angela99@example.com,Smithchester,Missouri,Slovakia (Slovak Republic),839 Gina Extension,18699,Geophysical data processor,Adams-Thomas,http://fisher-washington.com/,Edge east person order crime blood fight we forward per sound forget.,Kanuri,Jersey,married,AB+,vocational training,pro,true,2024-12-16,
Robert,Taylor,1999-04-21,male,693-875-2654x79356,daniel93@example.net,Lake Katrina,Alaska,Zambia,374 Lori Underpass Suite 724,32223,Forensic psychologist,"Moore, Henderson and Bennett",https://morales.biz/,Already why reduce speech order trial body eat professor coach partner none population position whom.,Korean,South Africa,single,B-,bachelor's degree,pro,true,2026-01-09,Black better develop section newspaper reach determine hear leg.
Michael,Cuevas,1988-08-25,male,914.761.1254x5738,udavis@example.net,Floresport,Arizona,Sudan,51238 Andrea Isle,73881,Physiological scientist,Hall-Sullivan,http://www.sandoval.com/,Or home relate day sell speak artist big the cost for leader energy television.,Kinyarwanda,Northern Mariana Islands,married,AB-,secondary school,basic,false,2021-11-27,Others particularly only girl suddenly pay sport relationship.
Kenneth,Anderson,1983-11-13,non-binary,834-412-5286,fhenderson@example.net,New Garrett,Maine,Burundi,7905 Todd Fields,50825,"Surveyor, planning and development","Delgado, Ortiz and Vasquez",https://miller.com/,Allow different eye sit not significant manager member of environmental myself.,Ganda,Mauritius,in a relationship,A+,master's degree,pro,true,2021-07-29,Service kid despite interesting save.
Martha,Johnson,1960-09-30,female,451-571-3395x962,lindahudson@example.net,Candiceburgh,Massachusetts,Romania,9481 Sydney Turnpike Suite 042,92438,Consulting civil engineer,Thomas LLC,http://thomas-chen.biz/,Later plant they behavior middle everything view hard wear force able similar.,Chechen,Saint Martin,divorced,A-,no formal education,basic,false,2025-07-12,
Valerie,Horn,1985-02-23,female,+1-763-463-7454,rkramer@example.org,North Conniemouth,Alaska,British Virgin Islands,7063 Nicole Hollow,21338,Graphic designer,Pena LLC,http://mckee.com/,Investment before believe degree back order mind knowledge account gas.,Welsh,Tokelau,divorced,B-,master's degree,pro,false,2024-08-21,
Jay,Reyes,1953-06-25,male,001-211-455-4262x2189,nbell@example.net,South Christina,New Hampshire,Tokelau,12196 Richmond Island,18828,Firefighter,Newman-Wright,https://www.liu.com/,Far approach today west manager both matter order month within would value car.,Shona,Italy,single,O+,doctorate,pro,true,2021-07-04,
Holly,Best,1988-03-06,female,001-810-891-0430x06848,imiller@example.net,West Christopher,Colorado,Malawi,85691 Hale Stream,31779,Barrister,Miller Group,http://lynch.com/,Actually case activity market get military state else head.,Sichuan Yi,Saint Martin,divorced,B+,master's degree,enterprise,false,2024-12-19,Sign ahead southern evening ask Republican.
Kenneth,Ward,1950-01-04,male,292.552.4191x3800,ruizpatrick@example.org,Port Austin,Virginia,Saint Vincent and the Grenadines,53654 Ashley Crest Apt. 238,06520,Oncologist,Wiley LLC,https://tran.com/,Factor six science drug happy will young simply run national.,Armenian,Canada,single,B+,bachelor's degree,free,false,2023-06-06,Usually agency must player.
Melissa,Blake,1945-10-04,female,(541)838-3670x2410,stephen19@example.org,Lake Lori,California,Nauru,2344 Howe Lock,92346,"Journalist, newspaper",Chavez-Hall,http://www.rodriguez.com/,Building group show later leg system bed space fight relate owner Democrat task.,English,Bermuda,widowed,B+,no formal education,pro,false,2022-10-30,Why how any federal star community weight.
Scott,Davis,1980-03-06,male,721-300-3236,samantha10@example.org,Lake Scott,Florida,Bermuda,07029 Underwood Locks Suite 066,23151,Manufacturing systems engineer,Odonnell LLC,https://johnson.org/,Positive material third look because him information poor something eat.,Northern Sami,South Africa,divorced,B-,master's degree,basic,true,2023-11-27,
Andrew,Castillo,1969-04-02,prefer not to say,659.285.6420x5930,xmoreno@example.net,East Craig,Texas,Dominican Republic,039 Kelly Villages Apt. 239,42182,Mechanical engineer,"Johnson, Haynes and Meza",http://www.weaver-thompson.com/,Argue own after long forward pass southern future.,Fijian,Uruguay,in a relationship,B+,primary school,basic,true,2024-09-20,Arrive challenge relate center book money half authority.
